state,year,yield_rows,soil_matches,complete_weather_matches,unweighted_yield_bu_acre
AL,1994,56,6,0,91.21428571428571
AL,1995,44,6,0,71.86363636363636
AL,1996,48,6,0,77.0625
AL,1997,52,6,0,84.40384615384616
AL,1998,51,6,0,55.01960784313726
AL,1999,49,4,0,98.57142857142857
AL,2000,42,4,4,49.833333333333336
AL,2001,29,4,4,103.17241379310344
AL,2002,54,6,6,79.37037037037037
AL,2003,47,6,6,116.48936170212765
AL,2004,35,5,5,118.37142857142857
AL,2005,32,4,4,112.34375
AL,2006,32,5,5,71.5625
AL,2007,37,5,5,72.75675675675676
AL,2008,6,2,2,106.0
AL,2009,34,6,6,95.73529411764706
AL,2010,35,6,6,101.05142857142857
AL,2011,37,6,6,99.6
AL,2012,38,6,6,105.46052631578948
AL,2013,44,6,6,128.4659090909091
AL,2014,36,6,6,140.8361111111111
AL,2015,27,4,4,139.81851851851852
AL,2016,35,4,4,120.32
AL,2017,35,4,4,153.06571428571428
AL,2018,28,5,5,147.47857142857143
AR,1994,27,11,0,116.3037037037037
AR,1995,25,11,0,114.96
AR,1996,30,13,0,122.19
AR,1997,21,12,0,120.8047619047619
AR,1998,25,13,0,97.976
AR,1999,13,9,0,131.76923076923077
AR,2000,23,12,12,128.34782608695653
AR,2001,20,12,12,142.25
AR,2002,28,13,13,134.25
AR,2003,32,14,14,141.5
AR,2004,30,14,14,141.93333333333334
AR,2005,28,14,14,134.14285714285714
AR,2006,31,14,14,143.83870967741936
AR,2007,29,12,12,162.51724137931035
AR,2008,28,12,12,149.5
AR,2009,28,13,13,151.07142857142858
AR,2010,35,13,13,147.8542857142857
AR,2011,27,11,11,137.6888888888889
AR,2012,27,11,11,173.2
AR,2013,23,8,8,178.26521739130436
AR,2014,30,12,12,181.6
AR,2015,27,11,11,179.78518518518518
AR,2016,24,10,10,168.525
AR,2017,26,12,12,182.14999999999998
AR,2018,24,10,10,184.96666666666667
AZ,1994,3,0,0,167.0666666666667
AZ,1995,4,0,0,164.975
AZ,1996,7,0,0,163.45714285714286
AZ,1997,7,0,0,146.71428571428572
AZ,1998,5,0,0,165.4
AZ,1999,5,0,0,183.35999999999999
AZ,2000,5,0,0,191.18
AZ,2001,5,0,0,205.08
AZ,2002,6,0,0,180.76666666666665
AZ,2003,5,0,0,193.8
AZ,2004,6,0,0,156.20000000000002
AZ,2005,5,0,0,153.18
AZ,2006,3,0,0,169.76666666666665
AZ,2007,3,0,0,199.5666666666667
AZ,2008,3,0,0,152.66666666666666
CA,1994,26,0,0,161.40769230769232
CA,1995,26,0,0,149.05384615384617
CA,1996,27,0,0,154.74074074074073
CA,1997,24,0,0,167.93333333333334
CA,1998,31,0,0,120.78387096774195
CA,1999,30,0,0,130.6
CA,2000,29,0,0,134.6551724137931
CA,2001,28,0,0,129.5392857142857
CA,2002,22,0,0,142.29999999999998
CA,2003,27,0,0,145.71481481481482
CA,2004,22,0,0,164.81363636363636
CA,2005,24,0,0,135.74166666666667
CA,2006,20,0,0,160.655
CA,2007,16,0,0,170.30625
CA,2008,9,0,0,177.0
CA,2009,5,0,0,169.4
CA,2010,8,0,0,205.175
CA,2011,12,0,0,186.67499999999998
CA,2012,13,0,0,181.3
CA,2013,9,0,0,197.02222222222224
CA,2014,5,0,0,177.94
CA,2015,7,0,0,153.31428571428572
CA,2016,9,0,0,194.91111111111113
CA,2017,1,0,0,170.3
CA,2018,7,0,0,170.74285714285716
CO,1994,30,10,0,132.98333333333332
CO,1995,27,10,0,110.35185185185185
CO,1996,26,10,0,143.0
CO,1997,26,10,0,141.46153846153845
CO,1998,27,10,0,139.12962962962962
CO,1999,30,10,0,122.78333333333333
CO,2000,29,10,10,115.60344827586206
CO,2001,28,10,10,126.125
CO,2002,27,10,10,113.55555555555556
CO,2003,28,10,10,105.60714285714286
CO,2004,23,10,10,138.1086956521739
CO,2005,26,10,10,133.48076923076923
CO,2006,25,10,10,142.34
CO,2007,23,10,10,131.93478260869566
CO,2008,22,9,9,130.95454545454547
CO,2009,4,3,3,155.5
CO,2010,19,9,9,139.39473684210526
CO,2011,18,10,10,125.56666666666666
CO,2012,16,10,10,126.21875
CO,2013,12,9,9,114.21666666666665
CO,2014,14,10,10,139.56428571428572
CO,2015,15,9,9,132.5
CO,2016,15,7,7,118.36666666666666
CO,2017,14,8,8,143.6142857142857
CO,2018,14,9,9,117.62142857142858
DE,1994,3,0,0,125.63333333333333
DE,1995,3,0,0,105.43333333333334
DE,1996,3,0,0,142.33333333333334
DE,1997,3,0,0,97.83333333333333
DE,1998,3,0,0,97.93333333333334
DE,1999,3,0,0,83.46666666666667
DE,2000,3,0,0,146.0
DE,2001,3,0,0,136.79999999999998
DE,2002,3,0,0,79.0
DE,2003,3,0,0,119.93333333333334
DE,2004,3,0,0,149.13333333333333
DE,2005,3,0,0,146.63333333333333
DE,2006,3,0,0,148.70000000000002
DE,2007,3,0,0,104.46666666666665
DE,2008,3,0,0,116.33333333333333
DE,2009,3,0,0,145.0
DE,2010,3,0,0,114.46666666666665
DE,2011,3,0,0,127.36666666666667
DE,2012,3,0,0,129.56666666666666
DE,2013,3,0,0,164.79999999999998
DE,2014,3,0,0,197.46666666666667
DE,2015,3,0,0,191.23333333333335
DE,2016,3,0,0,169.5666666666667
DE,2017,3,0,0,184.6
DE,2018,3,0,0,146.93333333333334
FL,1994,18,0,0,82.41111111111111
FL,1995,18,0,0,84.12222222222222
FL,1996,18,0,0,83.90555555555555
FL,1997,23,0,0,82.8
FL,1998,23,0,0,58.74782608695652
FL,1999,20,0,0,84.89
FL,2000,20,0,0,68.47
FL,2001,20,0,0,88.31
FL,2002,21,0,0,86.25714285714287
FL,2003,21,0,0,76.21428571428571
FL,2004,21,0,0,71.15714285714286
FL,2005,17,0,0,86.31176470588235
FL,2006,13,0,0,76.34615384615384
FL,2007,11,0,0,84.66363636363636
FL,2008,10,0,0,113.3
FL,2009,9,0,0,93.77777777777777
GA,1994,104,8,0,100.01730769230768
GA,1995,98,8,0,84.10612244897959
GA,1996,95,8,0,84.50842105263158
GA,1997,97,8,0,95.14123711340207
GA,1998,93,8,0,72.7258064516129
GA,1999,86,8,0,88.6046511627907
GA,2000,80,8,8,93.2
GA,2001,71,8,8,125.95774647887323
GA,2002,81,8,8,103.64197530864197
GA,2003,79,8,8,119.16455696202532
GA,2004,79,8,8,117.44303797468355
GA,2005,77,8,8,124.05194805194805
GA,2006,77,8,8,102.45454545454545
GA,2007,69,6,6,114.23188405797102
GA,2008,50,7,7,132.32
GA,2009,32,4,4,133.875
GA,2010,51,6,6,134.81372549019608
GA,2011,39,3,3,137.0794871794872
GA,2012,67,6,6,166.63134328358208
GA,2013,62,6,6,173.1709677419355
GA,2014,58,7,7,156.9655172413793
GA,2015,46,7,7,161.88695652173914
GA,2016,40,7,7,157.57
GA,2017,42,7,7,167.7238095238095
GA,2018,50,5,5,168.1
IA,1994,99,96,0,150.62626262626262
IA,1995,99,96,0,115.74747474747475
IA,1996,99,96,0,135.1727272727273
IA,1997,99,96,0,136.03838383838382
IA,1998,99,96,0,141.5131313131313
IA,1999,99,96,0,144.23030303030302
IA,2000,99,96,96,143.37070707070708
IA,2001,99,96,96,142.7989898989899
IA,2002,99,96,96,159.65555555555557
IA,2003,99,96,96,152.65151515151516
IA,2004,99,96,96,179.3878787878788
IA,2005,99,96,96,168.58686868686868
IA,2006,99,96,96,164.46363636363637
IA,2007,99,96,96,169.04747474747475
IA,2008,99,96,96,165.84848484848484
IA,2009,99,96,96,176.74747474747474
IA,2010,99,96,96,154.6020202020202
IA,2011,99,96,96,164.76969696969698
IA,2012,99,96,96,130.33434343434342
IA,2013,99,96,96,159.8090909090909
IA,2014,99,96,96,178.14343434343436
IA,2015,95,92,92,188.1715789473684
IA,2016,99,96,96,200.14242424242423
IA,2017,95,92,92,198.66105263157894
IA,2018,93,90,90,193.25483870967741
ID,1994,14,0,0,132.65
ID,1995,13,0,0,131.92307692307693
ID,1996,13,0,0,127.72307692307693
ID,1997,13,0,0,147.12307692307692
ID,1998,13,0,0,148.52307692307693
ID,1999,16,0,0,122.89375
ID,2000,18,0,0,130.33888888888887
ID,2001,18,0,0,120.0111111111111
ID,2002,16,0,0,124.03125
ID,2003,12,0,0,117.80833333333334
ID,2004,20,0,0,142.94
ID,2005,15,0,0,165.35333333333335
ID,2006,15,0,0,160.94666666666666
ID,2007,11,0,0,174.21818181818182
ID,2008,8,0,0,173.75
ID,2009,6,0,0,192.46666666666667
ID,2016,6,0,0,195.38333333333333
ID,2017,9,0,0,212.44444444444446
ID,2018,10,0,0,217.91
IL,1994,102,98,0,147.36274509803923
IL,1995,102,98,0,107.36274509803921
IL,1996,102,98,0,127.74509803921569
IL,1997,102,98,0,121.8529411764706
IL,1998,102,98,0,133.26470588235293
IL,1999,102,98,0,130.6078431372549
IL,2000,102,98,98,146.15686274509804
IL,2001,102,98,98,148.15686274509804
IL,2002,102,98,98,120.8529411764706
IL,2003,102,98,98,151.63725490196077
IL,2004,102,98,98,174.0
IL,2005,102,98,98,137.35294117647058
IL,2006,102,98,98,154.15686274509804
IL,2007,102,98,98,164.0686274509804
IL,2008,98,95,95,171.3877551020408
IL,2009,100,96,96,167.07
IL,2010,98,95,95,152.2826530612245
IL,2011,97,94,94,150.16082474226803
IL,2012,90,87,87,91.93666666666665
IL,2013,90,87,87,174.49
IL,2014,96,93,93,194.671875
IL,2015,91,88,88,172.54175824175823
IL,2016,92,89,89,184.29891304347825
IL,2017,98,95,95,191.32244897959183
IL,2018,84,81,81,204.03095238095236
IN,1994,92,88,0,139.21630434782608
IN,1995,90,88,0,112.03333333333333
IN,1996,90,88,0,118.56333333333335
IN,1997,92,88,0,115.67608695652174
IN,1998,87,85,0,132.83333333333334
IN,1999,87,85,0,127.1367816091954
IN,2000,87,85,85,146.3655172413793
IN,2001,87,85,85,154.56551724137933
IN,2002,87,85,85,112.8551724137931
IN,2003,87,85,85,144.48620689655172
IN,2004,87,85,85,164.1793103448276
IN,2005,87,85,85,150.7344827586207
IN,2006,86,84,84,153.99651162790698
IN,2007,87,85,85,149.9528735632184
IN,2008,90,86,86,151.65555555555557
IN,2009,88,85,85,168.625
IN,2010,92,88,88,151.34347826086957
IN,2011,83,79,79,139.08313253012048
IN,2012,84,81,81,92.00714285714287
IN,2013,75,73,73,175.62800000000001
IN,2014,87,83,83,185.45632183908046
IN,2015,85,82,82,152.52823529411765
IN,2016,81,77,77,166.74074074074073
IN,2017,85,81,81,177.57176470588234
IN,2018,80,76,76,187.495
KS,1994,105,79,0,116.14285714285714
KS,1995,105,79,0,101.60952380952381
KS,1996,105,79,0,128.8
KS,1997,105,79,0,125.83809523809524
KS,1998,105,79,0,121.2
KS,1999,105,79,0,118.03809523809524
KS,2000,105,79,79,114.70476190476191
KS,2001,103,79,79,109.12621359223301
KS,2002,105,79,79,98.55238095238096
KS,2003,103,79,79,106.40776699029126
KS,2004,105,79,79,142.84761904761905
KS,2005,101,77,77,124.13861386138613
KS,2006,101,79,79,102.82178217821782
KS,2007,97,76,76,128.95876288659792
KS,2008,52,37,37,127.07692307692308
KS,2009,74,60,60,145.54054054054055
KS,2010,88,70,70,114.8409090909091
KS,2011,85,68,68,91.14
KS,2012,87,70,70,86.82758620689656
KS,2013,75,60,60,120.52266666666668
KS,2014,72,57,57,144.0638888888889
KS,2015,58,47,47,141.43793103448274
KS,2016,66,51,51,135.4318181818182
KS,2017,71,54,54,123.87746478873238
KS,2018,58,44,44,116.63620689655171
KY,1994,104,52,0,112.27884615384616
KY,1995,105,52,0,97.08571428571429
KY,1996,104,52,0,110.03846153846153
KY,1997,96,52,0,87.89583333333333
KY,1998,99,52,0,106.88888888888889
KY,1999,96,52,0,88.22916666666667
KY,2000,97,52,52,125.72164948453609
KY,2001,88,50,50,125.27272727272727
KY,2002,91,52,52,92.1978021978022
KY,2003,90,52,52,122.57777777777778
KY,2004,92,51,51,136.59782608695653
KY,2005,89,51,51,108.74157303370787
KY,2006,89,51,51,135.2808988764045
KY,2007,86,51,51,116.72093023255815
KY,2008,85,50,50,120.52941176470588
KY,2009,86,51,51,154.11627906976744
KY,2010,86,50,50,122.28720930232559
KY,2011,87,51,51,131.4
KY,2012,89,51,51,72.48988764044944
KY,2013,75,41,41,158.55333333333334
KY,2014,75,42,42,152.28266666666667
KY,2015,75,44,44,162.80666666666667
KY,2016,72,39,39,154.90694444444443
KY,2017,74,42,42,168.0891891891892
KY,2018,70,44,44,170.40571428571428
LA,1994,27,14,0,111.78518518518518
LA,1995,22,13,0,108.6590909090909
LA,1996,30,16,0,121.53
LA,1997,27,15,0,115.20370370370371
LA,1998,32,16,0,68.415625
LA,1999,15,12,0,122.55333333333333
LA,2000,15,12,12,116.33333333333333
LA,2001,16,13,13,146.18125
LA,2002,24,16,16,117.46249999999999
LA,2003,24,16,16,124.84166666666665
LA,2004,23,15,15,129.65217391304347
LA,2005,20,15,15,127.10499999999999
LA,2006,20,15,15,130.35999999999999
LA,2007,21,16,16,164.9714285714286
LA,2008,19,14,14,140.26315789473685
LA,2009,13,11,11,136.07692307692307
LA,2010,16,13,13,135.59375
LA,2011,16,12,12,122.53125
LA,2012,16,13,13,165.85
LA,2013,15,12,12,172.94
LA,2014,14,11,11,181.47142857142856
LA,2015,15,11,11,166.49333333333334
LA,2016,15,12,12,163.72666666666666
LA,2017,18,14,14,181.65555555555557
LA,2018,17,14,14,163.38235294117646
MD,1994,23,0,0,112.3913043478261
MD,1995,23,0,0,105.90434782608696
MD,1996,21,0,0,136.04761904761904
MD,1997,21,0,0,90.34761904761905
MD,1998,21,0,0,103.96666666666667
MD,1999,21,0,0,87.31428571428572
MD,2000,21,0,0,152.74761904761903
MD,2001,23,0,0,129.72173913043477
MD,2002,23,0,0,73.5391304347826
MD,2003,23,0,0,120.02173913043478
MD,2004,23,0,0,147.79565217391306
MD,2005,23,0,0,127.07391304347826
MD,2006,23,0,0,131.14347826086959
MD,2007,21,0,0,93.25238095238095
MD,2008,23,0,0,118.56521739130434
MD,2009,18,0,0,144.27777777777777
MD,2010,23,0,0,99.0391304347826
MD,2011,21,0,0,106.9952380952381
MD,2012,23,0,0,116.96521739130434
MD,2013,20,0,0,156.91
MD,2014,23,0,0,162.80434782608697
MD,2015,17,0,0,162.4764705882353
MD,2016,13,0,0,145.96153846153845
MD,2017,17,0,0,166.40588235294118
MD,2018,21,0,0,135.27142857142857
MI,1994,70,38,0,109.4
MI,1995,69,38,0,108.89855072463769
MI,1996,65,38,0,88.56923076923077
MI,1997,56,37,0,108.21428571428571
MI,1998,65,38,0,98.21538461538462
MI,1999,56,36,0,127.08928571428571
MI,2000,47,35,35,118.72340425531915
MI,2001,55,35,35,93.85454545454546
MI,2002,66,38,38,106.43939393939394
MI,2003,62,38,38,116.2741935483871
MI,2004,59,36,36,118.01694915254237
MI,2005,59,35,35,134.25423728813558
MI,2006,59,35,35,136.135593220339
MI,2007,58,35,35,105.82758620689656
MI,2008,58,35,35,124.96551724137932
MI,2009,64,38,38,132.640625
MI,2010,63,38,38,141.66666666666666
MI,2011,66,38,38,136.2590909090909
MI,2012,62,38,38,124.36935483870967
MI,2013,52,38,38,142.97884615384615
MI,2014,60,36,36,147.63833333333332
MI,2015,57,34,34,146.42105263157896
MI,2016,59,32,32,138.88305084745764
MI,2017,55,35,35,150.66
MI,2018,48,34,34,144.59583333333333
MN,1994,79,17,0,127.78481012658227
MN,1995,79,17,0,110.40506329113924
MN,1996,79,17,0,111.74683544303798
MN,1997,80,17,0,122.1
MN,1998,80,17,0,139.225
MN,1999,79,17,0,135.9873417721519
MN,2000,79,17,17,131.9240506329114
MN,2001,79,17,17,122.39240506329114
MN,2002,79,17,17,146.30379746835442
MN,2003,79,17,17,131.72151898734177
MN,2004,71,17,17,143.88732394366198
MN,2005,75,17,17,157.70666666666668
MN,2006,75,17,17,142.66666666666666
MN,2007,76,17,17,130.41973684210527
MN,2008,71,17,17,153.05633802816902
MN,2009,72,17,17,163.02777777777777
MN,2010,75,17,17,166.216
MN,2011,72,17,17,146.90138888888887
MN,2012,73,17,17,159.24246575342465
MN,2013,75,17,17,149.67466666666667
MN,2014,71,17,17,145.3267605633803
MN,2015,72,17,17,178.9611111111111
MN,2016,76,17,17,183.5078947368421
MN,2017,71,17,17,184.26338028169016
MN,2018,58,16,16,177.47413793103448
MO,1994,95,76,0,109.18842105263157
MO,1995,96,76,0,89.63020833333333
MO,1996,96,76,0,124.19791666666667
MO,1997,96,76,0,108.35104166666667
MO,1998,94,76,0,105.66489361702128
MO,1999,92,76,0,88.4945652173913
MO,2000,95,76,76,134.22526315789474
MO,2001,93,76,76,125.9021505376344
MO,2002,92,76,76,101.70434782608694
MO,2003,92,76,76,98.22065217391304
MO,2004,92,76,76,152.86304347826086
MO,2005,90,76,76,99.48
MO,2006,81,74,74,130.7530864197531
MO,2007,85,75,75,133.27058823529413
MO,2008,89,75,75,137.51685393258427
MO,2009,92,75,75,146.17391304347825
MO,2010,92,75,75,117.09565217391304
MO,2011,75,61,61,106.644
MO,2012,84,69,69,68.22619047619048
MO,2013,71,56,56,131.4718309859155
MO,2014,63,46,46,174.70158730158732
MO,2015,54,43,43,133.55185185185186
MO,2016,63,50,50,157.32380952380953
MO,2017,75,61,61,160.31199999999998
MO,2018,50,38,38,133.70600000000002
MS,1994,68,20,0,96.82941176470588
MS,1995,61,19,0,92.75737704918032
MS,1996,69,20,0,96.5391304347826
MS,1997,59,19,0,94.9864406779661
MS,1998,50,20,0,75.666
MS,1999,45,20,0,112.04222222222221
MS,2000,47,20,20,94.70851063829788
MS,2001,44,20,20,121.32272727272726
MS,2002,45,20,20,111.79333333333332
MS,2003,46,19,19,121.17391304347827
MS,2004,47,19,19,123.7404255319149
MS,2005,45,18,18,115.04444444444445
MS,2006,40,17,17,98.1
MS,2007,47,20,20,127.79148936170212
MS,2008,28,15,15,129.21428571428572
MS,2009,43,20,20,113.62558139534883
MS,2010,37,17,17,125.02432432432431
MS,2011,38,16,16,108.17894736842106
MS,2012,40,18,18,139.3475
MS,2013,32,16,16,158.3875
MS,2014,35,16,16,172.96285714285713
MS,2015,32,15,15,158.290625
MS,2016,38,18,18,145.0894736842105
MS,2017,39,19,19,176.22820512820513
MS,2018,32,15,15,169.346875
MT,1994,14,0,0,133.0
MT,1995,13,0,0,118.53846153846153
MT,1996,10,0,0,136.4
MT,1997,12,0,0,131.33333333333334
MT,1998,13,0,0,112.84615384615384
MT,1999,17,0,0,108.41176470588235
MT,2000,8,0,0,146.625
MT,2001,10,0,0,135.6
MT,2002,12,0,0,116.41666666666667
MT,2003,10,0,0,144.1
MT,2004,8,0,0,144.625
MT,2005,9,0,0,153.66666666666666
MT,2006,9,0,0,146.33333333333334
MT,2007,13,0,0,138.23076923076923
MT,2008,15,0,0,118.0
MT,2009,10,0,0,163.7
MT,2010,12,0,0,138.325
MT,2011,9,0,0,140.57777777777778
MT,2012,9,0,0,110.42222222222222
MT,2013,9,0,0,130.26666666666668
MT,2014,11,0,0,104.25454545454545
MT,2015,7,0,0,97.18571428571428
MT,2016,8,0,0,99.65
NC,1994,82,5,0,94.53658536585365
NC,1995,83,5,0,99.3132530120482
NC,1996,83,5,0,91.39759036144578
NC,1997,87,5,0,84.58620689655173
NC,1998,92,5,0,64.52173913043478
NC,1999,90,5,0,70.41111111111111
NC,2000,87,5,5,97.183908045977
NC,2001,87,5,5,99.28735632183908
NC,2002,80,5,5,68.15
NC,2003,81,5,5,99.8395061728395
NC,2004,79,5,5,114.89873417721519
NC,2005,80,4,4,110.35
NC,2006,80,5,5,124.7625
NC,2007,77,4,4,87.58441558441558
NC,2008,74,4,4,84.5
NC,2009,70,4,4,109.11428571428571
NC,2010,71,4,4,81.91971830985916
NC,2011,72,4,4,90.52083333333333
NC,2012,69,4,4,108.0623188405797
NC,2013,65,4,4,131.0076923076923
NC,2014,61,4,4,130.90819672131147
NC,2015,59,4,4,106.53728813559322
NC,2016,63,3,3,126.36666666666667
NC,2017,59,4,4,137.73389830508475
NC,2018,63,4,4,112.03809523809524
ND,1994,47,0,0,78.91489361702128
ND,1995,47,0,0,68.73829787234042
ND,1996,47,0,0,73.88297872340425
ND,1997,48,0,0,74.3625
ND,1998,51,0,0,85.24901960784314
ND,1999,51,0,0,88.68039215686274
ND,2000,51,0,0,89.30392156862744
ND,2001,44,0,0,100.00681818181819
ND,2002,47,0,0,89.66170212765958
ND,2003,51,0,0,83.73137254901961
ND,2004,41,0,0,72.17560975609756
ND,2005,42,0,0,106.58571428571429
ND,2006,45,0,0,82.44888888888889
ND,2007,51,0,0,95.41176470588235
ND,2008,40,0,0,98.35
ND,2009,27,0,0,106.25925925925925
ND,2010,45,0,0,112.2
ND,2011,45,0,0,98.59777777777776
ND,2012,47,0,0,105.1531914893617
ND,2013,32,0,0,108.025
ND,2014,33,0,0,110.85757575757576
ND,2015,36,0,0,115.46944444444443
ND,2016,43,0,0,136.78604651162792
ND,2017,34,0,0,122.47647058823529
ND,2018,24,0,0,130.06666666666666
NE,1994,91,85,0,134.4043956043956
NE,1995,91,85,0,105.11098901098902
NE,1996,91,85,0,136.82857142857142
NE,1997,91,85,0,127.82197802197801
NE,1998,91,85,0,139.34505494505495
NE,1999,91,85,0,133.02417582417584
NE,2000,91,85,85,119.97582417582417
NE,2001,90,85,85,140.51444444444445
NE,2002,90,85,85,124.8288888888889
NE,2003,90,85,85,139.05444444444444
NE,2004,90,85,85,158.79
NE,2005,90,85,85,150.05555555555554
NE,2006,91,85,85,147.84065934065933
NE,2007,90,85,85,155.20444444444445
NE,2008,85,82,82,158.65882352941176
NE,2009,83,79,79,174.33855421686746
NE,2010,87,83,83,160.1126436781609
NE,2011,87,83,83,155.08045977011494
NE,2012,85,81,81,134.27882352941177
NE,2013,81,77,77,161.79506172839507
NE,2014,83,81,81,172.9566265060241
NE,2015,78,73,73,178.87564102564102
NE,2016,81,77,77,174.40864197530865
NE,2017,73,69,69,177.45068493150686
NE,2018,72,69,69,189.91666666666666
NJ,1994,13,0,0,115.07692307692308
NJ,1995,13,0,0,93.76923076923077
NJ,1996,13,0,0,125.0
NJ,1997,13,0,0,105.84615384615384
NJ,1998,13,0,0,89.6923076923077
NJ,1999,13,0,0,36.63846153846154
NJ,2000,14,0,0,130.37142857142857
NJ,2001,14,0,0,102.31428571428572
NJ,2002,14,0,0,59.0
NJ,2003,13,0,0,104.61538461538461
NJ,2004,13,0,0,137.6153846153846
NJ,2005,13,0,0,114.53846153846153
NJ,2006,11,0,0,120.18181818181819
NJ,2007,11,0,0,124.72727272727273
NJ,2008,11,0,0,113.63636363636364
NJ,2009,13,0,0,134.15384615384616
NJ,2010,9,0,0,103.38888888888889
NJ,2011,13,0,0,117.32307692307693
NJ,2012,11,0,0,112.87272727272726
NJ,2013,11,0,0,132.04545454545453
NJ,2014,11,0,0,145.86363636363637
NJ,2015,9,0,0,143.6222222222222
NJ,2016,9,0,0,135.15555555555557
NM,1994,15,0,0,117.76
NM,1995,15,0,0,136.27333333333334
NM,1996,16,0,0,141.75
NM,1997,18,0,0,133.5
NM,1998,12,0,0,131.41666666666666
NM,1999,15,0,0,106.86666666666666
NM,2000,15,0,0,102.40666666666667
NM,2001,14,0,0,119.7
NM,2002,14,0,0,72.85714285714286
NM,2003,6,0,0,80.14999999999999
NM,2004,6,0,0,105.16666666666667
NM,2005,7,0,0,85.28571428571429
NM,2006,5,0,0,148.0
NM,2007,9,0,0,76.11111111111111
NM,2008,2,0,0,170.5
NM,2009,2,0,0,197.60000000000002
NM,2011,1,0,0,168.6
NM,2012,1,0,0,160.6
NM,2014,1,0,0,201.1
NM,2015,2,0,0,190.75
NM,2016,3,0,0,149.46666666666667
NY,1994,50,0,0,113.36
NY,1995,52,0,0,104.26923076923077
NY,1996,52,0,0,102.46153846153847
NY,1997,52,0,0,109.6923076923077
NY,1998,52,0,0,111.21153846153847
NY,1999,51,0,0,99.29411764705883
NY,2000,51,0,0,92.31372549019608
NY,2001,51,0,0,103.88235294117646
NY,2002,51,0,0,93.80392156862744
NY,2003,51,0,0,115.3921568627451
NY,2004,52,0,0,116.09615384615384
NY,2005,52,0,0,115.11538461538461
NY,2006,52,0,0,110.84615384615384
NY,2007,49,0,0,128.26530612244898
NY,2008,39,0,0,135.82051282051282
NY,2009,19,0,0,128.31578947368422
NY,2010,48,0,0,144.55625
NY,2011,41,0,0,129.1780487804878
NY,2012,45,0,0,130.99555555555557
NY,2013,37,0,0,132.9
NY,2014,24,0,0,149.50416666666666
NY,2015,28,0,0,141.42142857142858
NY,2016,34,0,0,133.19117647058823
NY,2017,41,0,0,153.76585365853657
NY,2018,28,0,0,157.8857142857143
OH,1994,86,74,0,133.4139534883721
OH,1995,86,74,0,114.42790697674418
OH,1996,86,74,0,109.98720930232558
OH,1997,86,74,0,122.58837209302327
OH,1998,86,74,0,131.82325581395347
OH,1999,86,74,0,115.27906976744185
OH,2000,86,74,74,138.8174418604651
OH,2001,86,74,74,126.71046511627907
OH,2002,84,73,73,87.0297619047619
OH,2003,86,74,74,142.99186046511628
OH,2004,82,72,72,147.81219512195122
OH,2005,86,74,74,132.68372093023254
OH,2006,80,72,72,150.475
OH,2007,80,72,72,142.59875
OH,2008,75,70,70,127.82666666666667
OH,2009,73,68,68,166.77671232876713
OH,2010,80,70,70,155.32625000000002
OH,2011,80,69,69,147.96125
OH,2012,80,71,71,118.69749999999999
OH,2013,80,71,71,166.0275
OH,2014,84,72,72,167.33214285714286
OH,2015,81,70,70,148.51604938271603
OH,2016,78,69,69,154.51153846153846
OH,2017,80,70,70,171.9125
OH,2018,75,65,65,175.86266666666668
OK,1994,41,5,0,80.51219512195122
OK,1995,41,5,0,81.74634146341464
OK,1996,41,5,0,94.0170731707317
OK,1997,47,5,0,104.68297872340426
OK,1998,51,5,0,67.46862745098039
OK,1999,48,5,0,107.99166666666667
OK,2000,44,5,5,110.7909090909091
OK,2001,45,5,5,92.64666666666668
OK,2002,48,5,5,99.74791666666665
OK,2003,42,5,5,104.88333333333334
OK,2004,38,5,5,111.86315789473684
OK,2005,41,4,4,85.72926829268293
OK,2006,35,4,4,74.34857142857142
OK,2007,45,5,5,116.53333333333333
OK,2008,20,4,4,95.75
OK,2009,12,1,1,63.583333333333336
OK,2010,20,0,0,99.11
OK,2011,16,1,1,48.4125
OK,2012,25,5,5,91.132
OK,2013,21,2,2,88.0142857142857
OK,2014,25,3,3,127.244
OK,2015,17,0,0,89.84705882352942
OK,2016,23,1,1,88.73478260869565
OK,2017,23,2,2,101.34347826086957
OK,2018,13,1,1,100.22307692307693
OR,1994,8,0,0,152.6875
OR,1995,8,0,0,132.8125
OR,1996,18,0,0,146.61111111111111
OR,1997,10,0,0,173.15
OR,1998,11,0,0,155.77272727272728
OR,1999,20,0,0,90.725
OR,2000,23,0,0,27.804347826086957
OR,2001,20,0,0,25.05
OR,2002,14,0,0,58.142857142857146
OR,2003,15,0,0,56.13333333333333
OR,2004,9,0,0,79.83333333333333
OR,2005,4,0,0,159.25
OR,2006,12,0,0,59.125
OR,2007,3,0,0,209.33333333333334
OR,2008,3,0,0,202.33333333333334
OR,2009,1,0,0,234.0
PA,1994,63,1,0,115.71428571428571
PA,1995,60,1,0,90.23333333333333
PA,1996,60,1,0,112.81666666666666
PA,1997,55,1,0,92.16363636363636
PA,1998,56,1,0,102.96428571428571
PA,1999,66,1,0,70.22727272727273
PA,2000,66,1,1,119.47424242424243
PA,2001,65,1,1,92.04769230769232
PA,2002,65,1,1,66.51846153846154
PA,2003,65,1,1,110.47846153846154
PA,2004,65,1,1,130.70615384615385
PA,2005,66,1,1,113.38030303030304
PA,2006,66,1,1,115.50909090909092
PA,2007,64,1,1,117.94375
PA,2008,41,1,1,129.34146341463415
PA,2009,36,1,1,135.85000000000002
PA,2010,56,1,1,122.8625
PA,2011,53,1,1,106.70377358490566
PA,2012,55,1,1,124.31454545454545
PA,2013,52,1,1,140.06346153846155
PA,2014,49,1,1,146.38367346938776
PA,2015,47,1,1,135.60425531914893
PA,2016,48,1,1,117.82083333333333
PA,2017,49,1,1,152.60204081632654
PA,2018,45,1,1,133.0688888888889
SC,1994,40,15,0,84.05
SC,1995,37,15,0,88.51351351351352
SC,1996,42,15,0,73.52380952380952
SC,1997,37,15,0,87.29729729729729
SC,1998,37,15,0,36.4054054054054
SC,1999,38,15,0,65.92105263157895
SC,2000,37,15,15,59.270270270270274
SC,2001,35,15,15,95.77142857142857
SC,2002,34,15,15,44.5
SC,2003,33,15,15,98.51515151515152
SC,2004,32,15,15,93.46875
SC,2005,34,15,15,107.3529411764706
SC,2006,34,15,15,102.55882352941177
SC,2007,32,15,15,87.53125
SC,2008,26,15,15,59.92307692307692
SC,2009,30,14,14,98.6
SC,2010,29,14,14,75.45862068965518
SC,2011,28,15,15,64.86071428571428
SC,2012,29,13,13,110.38275862068966
SC,2013,28,14,14,124.67857142857143
SC,2014,29,14,14,111.57931034482759
SC,2015,27,12,12,89.87407407407407
SC,2016,22,10,10,113.94545454545455
SC,2017,25,13,13,133.744
SC,2018,22,10,10,120.91363636363636
SD,1994,66,19,0,92.66666666666667
SD,1995,56,19,0,72.61607142857143
SD,1996,58,19,0,88.13793103448276
SD,1997,62,19,0,91.3225806451613
SD,1998,64,19,0,107.5625
SD,1999,60,19,0,101.75333333333333
SD,2000,66,19,19,91.88030303030304
SD,2001,66,19,19,95.97727272727273
SD,2002,66,19,19,72.05757575757576
SD,2003,66,19,19,86.79545454545455
SD,2004,66,19,19,102.4121212121212
SD,2005,64,19,19,97.784375
SD,2006,56,19,19,80.63214285714285
SD,2007,57,19,19,108.8719298245614
SD,2008,57,18,18,119.2280701754386
SD,2009,53,18,18,141.0188679245283
SD,2010,57,18,18,121.09298245614035
SD,2011,58,18,18,120.1741379310345
SD,2012,53,17,17,87.27169811320753
SD,2013,53,17,17,125.06415094339621
SD,2014,51,17,17,136.47450980392156
SD,2015,40,17,17,152.17249999999999
SD,2016,47,17,17,154.36808510638298
SD,2017,44,16,16,137.38863636363638
SD,2018,44,16,16,153.66136363636363
TN,1994,85,22,0,105.98823529411764
TN,1995,80,22,0,99.5875
TN,1996,80,22,0,103.925
TN,1997,80,22,0,89.7625
TN,1998,77,22,0,90.64935064935065
TN,1999,72,22,0,95.125
TN,2000,70,22,22,105.85714285714286
TN,2001,69,22,22,120.78260869565217
TN,2002,72,22,22,94.98611111111111
TN,2003,72,22,22,121.72222222222223
TN,2004,75,22,22,131.0
TN,2005,78,22,22,125.58974358974359
TN,2006,75,22,22,111.73333333333333
TN,2007,74,22,22,95.66216216216216
TN,2008,49,17,17,110.75510204081633
TN,2009,64,20,20,139.625
TN,2010,67,21,21,109.24179104477612
TN,2011,60,19,19,124.72333333333334
TN,2012,62,21,21,80.70322580645161
TN,2013,53,15,15,153.0754716981132
TN,2014,55,15,15,161.25818181818184
TN,2015,47,15,15,156.25106382978723
TN,2016,55,19,19,135.83818181818182
TN,2017,62,17,17,161.6016129032258
TN,2018,59,20,20,164.71186440677965
TX,1994,110,32,0,94.01727272727273
TX,1995,101,32,0,94.94356435643563
TX,1996,106,32,0,78.51698113207547
TX,1997,108,32,0,113.83888888888889
TX,1998,112,32,0,70.6625
TX,1999,106,32,0,105.5433962264151
TX,2000,105,31,31,103.77714285714286
TX,2001,97,30,30,97.86391752577319
TX,2002,108,32,32,92.14444444444445
TX,2003,102,32,32,95.98333333333332
TX,2004,106,31,31,117.93113207547171
TX,2005,104,32,32,100.04711538461538
TX,2006,96,30,30,96.21875
TX,2007,80,27,27,128.95
TX,2008,51,20,20,100.0
TX,2009,58,23,23,98.9448275862069
TX,2010,74,26,26,116.74054054054054
TX,2011,58,18,18,68.32586206896552
TX,2012,69,25,25,108.93478260869566
TX,2013,62,24,24,115.89838709677419
TX,2014,71,25,25,122.83239436619719
TX,2015,61,20,20,107.66721311475409
TX,2016,67,20,20,109.22537313432836
TX,2017,61,20,20,130.32295081967212
TX,2018,57,18,18,92.6421052631579
UT,1994,15,0,0,120.2
UT,1995,16,0,0,93.9375
UT,1996,14,0,0,134.21428571428572
UT,1997,14,0,0,140.71428571428572
UT,1998,15,0,0,136.53333333333333
UT,1999,17,0,0,113.29411764705883
UT,2000,17,0,0,122.47058823529412
UT,2001,13,0,0,99.07692307692308
UT,2002,16,0,0,113.0625
UT,2003,14,0,0,119.14285714285714
UT,2004,14,0,0,117.14285714285714
UT,2005,11,0,0,118.63636363636364
UT,2006,10,0,0,156.6
UT,2007,16,0,0,141.5
UT,2008,9,0,0,157.66666666666666
UT,2009,5,0,0,147.7
VA,1994,78,0,0,98.47435897435898
VA,1995,68,0,0,104.70588235294117
VA,1996,74,0,0,115.67567567567568
VA,1997,67,0,0,88.79552238805971
VA,1998,70,0,0,75.65714285714286
VA,1999,88,0,0,52.15909090909091
VA,2000,85,0,0,112.08235294117647
VA,2001,84,0,0,89.53571428571429
VA,2002,82,0,0,52.146341463414636
VA,2003,84,0,0,81.38095238095238
VA,2004,85,0,0,111.6470588235294
VA,2005,85,0,0,86.51764705882353
VA,2006,86,0,0,83.5813953488372
VA,2007,81,0,0,73.62962962962963
VA,2008,55,0,0,91.2
VA,2009,54,0,0,120.5925925925926
VA,2010,61,0,0,71.55573770491803
VA,2011,55,0,0,111.24181818181819
VA,2012,53,0,0,98.60000000000001
VA,2013,49,0,0,150.23061224489797
VA,2014,53,0,0,142.89056603773585
VA,2015,46,0,0,148.45217391304348
VA,2016,49,0,0,143.12244897959184
VA,2017,44,0,0,130.78636363636363
VA,2018,43,0,0,141.64883720930231
WA,1994,5,0,0,174.4
WA,1995,6,0,0,187.5
WA,1996,6,0,0,182.0666666666667
WA,1997,6,0,0,191.54999999999998
WA,1998,6,0,0,193.6833333333333
WA,1999,9,0,0,57.1888888888889
WA,2000,8,0,0,84.125
WA,2001,13,0,0,52.9076923076923
WA,2002,10,0,0,69.32000000000001
WA,2003,7,0,0,54.1
WA,2004,7,0,0,54.699999999999996
WA,2005,8,0,0,73.42500000000001
WA,2006,8,0,0,77.75
WA,2007,8,0,0,78.875
WA,2008,10,0,0,84.6
WA,2009,2,0,0,208.5
WA,2010,3,0,0,197.20000000000002
WA,2011,3,0,0,221.79999999999998
WA,2012,3,0,0,216.03333333333333
WA,2013,2,0,0,215.35
WA,2014,2,0,0,220.45
WA,2015,1,0,0,200.0
WA,2017,3,0,0,209.63333333333333
WA,2018,2,0,0,244.35
WI,1994,69,41,0,134.17681159420292
WI,1995,63,41,0,110.53968253968254
WI,1996,63,41,0,106.5079365079365
WI,1997,63,41,0,127.46031746031746
WI,1998,63,41,0,128.46031746031747
WI,1999,63,41,0,138.93650793650792
WI,2000,63,41,41,126.12698412698413
WI,2001,63,41,41,119.4920634920635
WI,2002,63,41,41,132.20634920634922
WI,2003,63,41,41,123.58730158730158
WI,2004,62,40,40,122.16129032258064
WI,2005,63,41,41,138.34920634920636
WI,2006,63,41,41,133.0952380952381
WI,2007,63,41,41,125.11111111111111
WI,2008,62,39,39,129.3548387096774
WI,2009,61,40,40,145.62295081967213
WI,2010,62,40,40,155.0
WI,2011,60,38,38,148.20833333333334
WI,2012,63,41,41,121.5015873015873
WI,2013,59,38,38,137.87627118644068
WI,2014,61,40,40,146.09016393442624
WI,2015,57,38,38,157.6456140350877
WI,2016,57,39,39,170.76140350877193
WI,2017,55,37,37,165.04545454545453
WI,2018,51,34,34,163.79999999999998
WV,1994,19,0,0,100.12105263157895
WV,1995,16,0,0,98.5875
WV,1996,16,0,0,97.06875
WV,1997,13,0,0,95.54615384615384
WV,1998,9,0,0,78.75555555555555
WV,1999,11,0,0,27.59090909090909
WV,2000,11,0,0,130.36363636363637
WV,2001,8,0,0,117.9375
WV,2002,7,0,0,102.27142857142857
WV,2003,5,0,0,114.5
WV,2004,5,0,0,131.48
WV,2005,5,0,0,105.12
WV,2006,5,0,0,122.62
WV,2007,5,0,0,110.6
WV,2008,5,0,0,131.4
WV,2009,8,0,0,132.875
WV,2010,13,0,0,96.13846153846154
WV,2011,13,0,0,118.83846153846154
WV,2012,14,0,0,133.22857142857143
WV,2013,15,0,0,146.45333333333335
WV,2014,12,0,0,146.63333333333333
WV,2015,10,0,0,145.37
WV,2016,12,0,0,141.15
WY,1994,7,0,0,111.34285714285714
WY,1995,6,0,0,105.33333333333333
WY,1996,8,0,0,107.75
WY,1997,9,0,0,122.11111111111111
WY,1998,6,0,0,120.83333333333333
WY,1999,6,0,0,112.5
WY,2000,6,0,0,123.5
WY,2001,6,0,0,116.16666666666667
WY,2002,6,0,0,122.0
WY,2003,8,0,0,113.0
WY,2004,8,0,0,108.875
WY,2005,12,0,0,98.33333333333333
WY,2006,8,0,0,97.125
WY,2007,7,0,0,114.57142857142857
WY,2008,5,0,0,137.2
WY,2009,2,0,0,136.5
WY,2010,4,0,0,123.4
WY,2011,6,0,0,132.68333333333334
WY,2012,2,0,0,142.95
WY,2013,5,0,0,133.9
WY,2014,5,0,0,126.75999999999999
WY,2015,4,0,0,156.0
WY,2016,2,0,0,130.6
